<?xml version="1.0" encoding="UTF-8"?><ValueSet xmlns="http://hl7.org/fhir"><id value="HeartRates"/><text><status value="generated"/><div xmlns="http://www.w3.org/1999/xhtml"><p>This value set includes codes based on the following rules:</p><ul><li>Include these codes as defined in <a href="http://loinc.org"><code>http://loinc.org</code></a><table class="none"><tr><td style="white-space:nowrap"><b>Code</b></td><td><b>Display</b></td></tr><tr><td><a href="http://details.loinc.org/LOINC/8867-4.html">8867-4</a></td><td>Heart rate</td></tr></table></li><li>Include these codes as defined in <a href="http://www.snomed.org/"><code>http://snomed.info/sct</code></a><table class="none"><tr><td style="white-space:nowrap"><b>Code</b></td><td><b>Display</b></td></tr><tr><td><a href="http://browser.ihtsdotools.org/?perspective=full&amp;conceptId1=364075005">364075005</a></td><td>Heart rate</td></tr></table></li></ul></div></text><url value="https://www.nfdi4health.de/task-force-covid-19.html/ValueSet/HeartRates"/><version value="0.1.0"/><name value="HeartRates"/><status value="active"/><date value="2021-12-09T14:43:14+00:00"/><publisher value="NFDI"/><contact><name value="NFDI"/><telecom><system value="url"/><value value="https://www.nfdi4health.de/kontakt.html"/></telecom></contact><compose><include><system value="http://loinc.org"/><concept><code value="8867-4"/></concept></include><include><system value="http://snomed.info/sct"/><concept><code value="364075005"/></concept></include></compose></ValueSet>