<?xml version="1.0" encoding="UTF-8"?>

<Observation xmlns="http://hl7.org/fhir">
  <id value="ExampleHerzfrequenz"/>
  <meta>
    <profile value="https://www.nfdi4health.de/task-force-covid-19.html/StructureDefinition/Herzfrequenz"/>
  </meta>
  <text>
    <status value="generated"/><div xmlns="http://www.w3.org/1999/xhtml"><p><b>Generated Narrative</b></p><p></p><p><b>code</b>: <span title="Codes: {http://loinc.org 8867-4}">Heart rate</span></p><p><b>subject</b>: <a href="Patient/example">Patient/example</a></p><p><b>value</b>: 60 pro Minute</p></div>
  </text>
  <status value="final"/>
  <code>
    <coding>
      <system value="http://loinc.org"/>
      <code value="8867-4"/>
    </coding>
  </code>
  <subject>
    <reference value="Patient/example"/>
  </subject>
  <valueQuantity>
    <value value="60"/>
    <unit value="pro Minute"/>
    <system value="http://unitsofmeasure.org"/>
    <code value="/min"/>
  </valueQuantity>
</Observation>